<?xml version="1.0"?>
<metadata xml:lang="en"><Esri><CreaDate>20190204</CreaDate><CreaTime>15371600</CreaTime><ArcGISFormat>1.0</ArcGISFormat><SyncOnce>TRUE</SyncOnce><ModDate>20190206</ModDate><ModTime>11024800</ModTime><scaleRange><minScale>150000000</minScale><maxScale>5000</maxScale></scaleRange></Esri><tool name="CreateMosaicDataset" displayname="Create Mosaic Dataset" toolboxalias="" xmlns=""><arcToolboxHelpPath>c:\program files\arcgis\pro\Resources\Help\gp</arcToolboxHelpPath><parameters><param name="in_workspace" displayname="Input Workspace" type="Required" direction="Input" datatype="Workspace" expression="in_workspace"><dialogReference>&lt;DIV STYLE="text-align:Left;"&gt;&lt;DIV&gt;&lt;P&gt;&lt;SPAN&gt;Geodatabase name where new mosaic dataset will be created.&lt;/SPAN&gt;&lt;/P&gt;&lt;/DIV&gt;&lt;/DIV&gt;</dialogReference></param><param name="mds_name" displayname="Mosaic Dataset Name" type="Required" direction="Input" datatype="String" expression="mds_name"><dialogReference>&lt;DIV STYLE="text-align:Left;"&gt;&lt;DIV&gt;&lt;P&gt;&lt;SPAN&gt;Mosaic dataset name.&lt;/SPAN&gt;&lt;/P&gt;&lt;/DIV&gt;&lt;/DIV&gt;</dialogReference></param><param name="raster_product_type" displayname="Raster Product Type" type="Required" direction="Input" datatype="String" expression="Sentinel-2 10m, 4 Bands | Sentinel-2 20m, 9 Bands | Sentinel-2 20m, 10 Bands"><dialogReference>&lt;DIV STYLE="text-align:Left;"&gt;&lt;DIV&gt;&lt;P&gt;&lt;SPAN&gt;One of the custom Sentinel-2 raster product types.&lt;/SPAN&gt;&lt;/P&gt;&lt;P&gt;&lt;SPAN&gt;See &lt;/SPAN&gt;&lt;A href="https://github.com:443/ArcGEO/sentinel2-raster_types" target="_blank" STYLE="text-decoration:underline;"&gt;&lt;SPAN&gt;https://github.com/ArcGEO/sentinel2-raster_types&lt;/SPAN&gt;&lt;/A&gt;&lt;SPAN&gt; for more information.&lt;/SPAN&gt;&lt;/P&gt;&lt;/DIV&gt;&lt;/DIV&gt;</dialogReference></param><param name="spatial_reference" displayname="Spatial Reference" type="Optional" direction="Input" datatype="Coordinate System" expression="{spatial_reference}"><dialogReference>&lt;DIV STYLE="text-align:Left;"&gt;&lt;DIV&gt;&lt;P&gt;&lt;SPAN&gt;Mosaic dataset's spatial reference.&lt;/SPAN&gt;&lt;/P&gt;&lt;/DIV&gt;&lt;/DIV&gt;</dialogReference></param></parameters><summary>&lt;DIV STYLE="text-align:Left;"&gt;&lt;DIV&gt;&lt;P&gt;&lt;SPAN&gt;Creates new mosaic dataset for storing the Sentinel-2 raster tiles.&lt;/SPAN&gt;&lt;/P&gt;&lt;P&gt;&lt;SPAN&gt;Several raster products can be specified supported by the custom Sentinel-2 raster tiles (see &lt;/SPAN&gt;&lt;A href="https://github.com:443/ArcGEO/sentinel2-raster_types" target="_blank" STYLE="text-decoration:underline;"&gt;&lt;SPAN&gt;https://github.com/ArcGEO/sentinel2-raster_types&lt;/SPAN&gt;&lt;/A&gt;&lt;SPAN&gt;)&lt;/SPAN&gt;&lt;/P&gt;&lt;/DIV&gt;&lt;/DIV&gt;</summary><usage>&lt;DIV STYLE="text-align:Left;"&gt;&lt;DIV&gt;&lt;P&gt;&lt;SPAN&gt;Use to create a new mosaic dataset to store Sentinel-2 rasters based on the given product type.&lt;/SPAN&gt;&lt;/P&gt;&lt;P&gt;&lt;SPAN&gt;Raster products are defined in the custom Sentinel-2 raster tiles types (see &lt;/SPAN&gt;&lt;A href="https://github.com:443/ArcGEO/sentinel2-raster_types" target="_blank" STYLE="text-decoration:underline;"&gt;&lt;SPAN&gt;https://github.com/ArcGEO/sentinel2-raster_types&lt;/SPAN&gt;&lt;/A&gt;&lt;SPAN&gt;).&lt;/SPAN&gt;&lt;/P&gt;&lt;/DIV&gt;&lt;/DIV&gt;</usage><scriptExamples><scriptExample><code>arcpy.ImportToolbox(r'D:\sentinel2-raster_types\Sentinel-2.pyt','')
arcpy.CreateMosaicDataset(r"C:\ArcGIS\Projects\Sentinel2\Sentinel2.gdb", "S2-20m-10b", "Sentinel-2 20m, 10 Bands", "PROJCS['WGS_1984_UTM_Zone_34N',GEOGCS['GCS_WGS_1984',DATUM['D_WGS_1984',SPHEROID['WGS_1984',6378137.0,298.257223563]],PRIMEM['Greenwich',0.0],UNIT['Degree',0.0174532925199433]],PROJECTION['Transverse_Mercator'],PARAMETER['False_Easting',500000.0],PARAMETER['False_Northing',0.0],PARAMETER['Central_Meridian',21.0],PARAMETER['Scale_Factor',0.9996],PARAMETER['Latitude_Of_Origin',0.0],UNIT['Meter',1.0]]")</code></scriptExample></scriptExamples></tool><dataIdInfo><idCitation><resTitle>Create Mosaic Dataset</resTitle></idCitation><searchKeys><keyword>Sentinel-2</keyword><keyword>Tiles</keyword><keyword>Mosaic Dataset</keyword></searchKeys></dataIdInfo><distInfo><distributor><distorFormat><formatName>ArcToolbox Tool</formatName></distorFormat></distributor></distInfo><mdHrLv><ScopeCd value="005"></ScopeCd></mdHrLv><mdDateSt Sync="TRUE">20190206</mdDateSt></metadata>
