<?xml version="1.0"?>
<metadata xml:lang="en"><Esri><CreaDate>20190206</CreaDate><CreaTime>10213600</CreaTime><ArcGISFormat>1.0</ArcGISFormat><SyncOnce>TRUE</SyncOnce><ModDate>20190206</ModDate><ModTime>11112500</ModTime><scaleRange><minScale>150000000</minScale><maxScale>5000</maxScale></scaleRange></Esri><tool name="AddTiles" displayname="Add Tiles to Mosaic Dataset" toolboxalias="" xmlns=""><arcToolboxHelpPath>c:\program files\arcgis\pro\Resources\Help\gp</arcToolboxHelpPath><parameters><param name="in_folder" displayname="Input Folder" type="Required" direction="Input" datatype="Workspace" expression="in_folder"><dialogReference>&lt;DIV STYLE="text-align:Left;"&gt;&lt;DIV&gt;&lt;DIV&gt;&lt;P&gt;&lt;SPAN&gt;Root folder containing Sentinel-2 raster tiles.&lt;/SPAN&gt;&lt;/P&gt;&lt;/DIV&gt;&lt;/DIV&gt;&lt;/DIV&gt;</dialogReference></param><param name="mds_name" displayname="Mosaic Dataset" type="Required" direction="Input" datatype="Mosaic Dataset" expression="mds_name"><dialogReference>&lt;DIV STYLE="text-align:Left;"&gt;&lt;DIV&gt;&lt;DIV&gt;&lt;P&gt;&lt;SPAN&gt;Mosaic dataset catalog path.&lt;/SPAN&gt;&lt;/P&gt;&lt;P&gt;&lt;SPAN&gt;You can create the mosaic dataset with Create Mosaic Dataset tool in this toolbox.&lt;/SPAN&gt;&lt;/P&gt;&lt;/DIV&gt;&lt;/DIV&gt;&lt;/DIV&gt;</dialogReference></param><param name="raster_product_type" displayname="Raster Product Type" type="Required" direction="Input" datatype="String" expression="Sentinel-2 10m, 4 Bands | Sentinel-2 20m, 9 Bands | Sentinel-2 20m, 10 Bands"><dialogReference>&lt;DIV STYLE="text-align:Left;"&gt;&lt;DIV&gt;&lt;DIV&gt;&lt;P&gt;&lt;SPAN&gt;The type of Sentinel-2 tiles to be created and added. The type has to have same number of bands as the target mosaic dataset.&lt;/SPAN&gt;&lt;/P&gt;&lt;/DIV&gt;&lt;/DIV&gt;&lt;/DIV&gt;</dialogReference></param><param name="cloud_mask" displayname="Cloud Mask FeatureClass" type="Optional" direction="Input" datatype="Feature Class" expression="{cloud_mask}"><dialogReference>&lt;DIV STYLE="text-align:Left;"&gt;&lt;DIV&gt;&lt;DIV&gt;&lt;P&gt;&lt;SPAN&gt;An optional cloud mask feature class catalog path.&lt;/SPAN&gt;&lt;/P&gt;&lt;P&gt;&lt;SPAN&gt;You can create the cloud mask feature class with Create Cloud Mask Feature Class tool in this toolbox.&lt;/SPAN&gt;&lt;/P&gt;&lt;/DIV&gt;&lt;/DIV&gt;&lt;/DIV&gt;</dialogReference></param></parameters><summary>&lt;DIV STYLE="text-align:Left;"&gt;&lt;DIV&gt;&lt;DIV&gt;&lt;P&gt;&lt;SPAN&gt;Recursively searches given folder for Sentinel-2 100x100km tiles and adds them to mosaic dataset.&lt;/SPAN&gt;&lt;/P&gt;&lt;P&gt;&lt;SPAN&gt;It is dependent on a custom Sentinel-2 raster type that needs to be installed in your ArcGIS Pro. (see &lt;/SPAN&gt;&lt;A href="https://github.com:443/ArcGEO/sentinel2-raster_types" STYLE="text-decoration:underline;"&gt;&lt;SPAN&gt;https://github.com/ArcGEO/sentinel2-raster_types&lt;/SPAN&gt;&lt;/A&gt;&lt;SPAN&gt;).&lt;/SPAN&gt;&lt;/P&gt;&lt;/DIV&gt;&lt;/DIV&gt;&lt;/DIV&gt;</summary><scriptExamples><scriptExample><code>arcpy.ImportToolbox(r'D:\sentinel2-raster_types\Sentinel-2.pyt','')
arcpy.AddTiles(r"E:\Sentinel-2\L2A\tiles\34\U\EV\2017\7", r"C:\ArcGIS\Projects\Sentinel2\Sentinel2.gdb\S2-20m-10b", "Sentinel-2 20m, 10 Bands", r"C:\ArcGIS\Projects\Sentinel2\Sentinel2.gdb\S2-20m-10b-CloudMask)</code></scriptExample></scriptExamples><usage>&lt;DIV STYLE="text-align:Left;"&gt;&lt;DIV&gt;&lt;DIV&gt;&lt;P&gt;&lt;SPAN&gt;Use to add all 100x100km raster tiles from Sentinel-2 in a folder to a mosaic dataset.&lt;/SPAN&gt;&lt;/P&gt;&lt;P&gt;&lt;SPAN&gt;Use other tools in this toolbox to create the mosaic dataset and optional cloud mask feature class.&lt;/SPAN&gt;&lt;/P&gt;&lt;/DIV&gt;&lt;/DIV&gt;&lt;/DIV&gt;</usage></tool><dataIdInfo><idCitation><resTitle>Add Tiles to Mosaic Dataset</resTitle></idCitation><searchKeys><keyword>Sentinel-2</keyword><keyword>Mosaic Dataset</keyword><keyword>Tile</keyword></searchKeys></dataIdInfo><distInfo><distributor><distorFormat><formatName>ArcToolbox Tool</formatName></distorFormat></distributor></distInfo><mdHrLv><ScopeCd value="005"/></mdHrLv><mdDateSt Sync="TRUE">20190206</mdDateSt></metadata>
