<?xml version="1.0"?>
<metadata xml:lang="en"><Esri><CreaDate>20190204</CreaDate><CreaTime>15105200</CreaTime><ArcGISFormat>1.0</ArcGISFormat><SyncOnce>TRUE</SyncOnce><ModDate>20190206</ModDate><ModTime>10545300</ModTime><scaleRange><minScale>150000000</minScale><maxScale>5000</maxScale></scaleRange></Esri><tool name="CreateCloudMask" displayname="Create Cloud Mask Feature Class" toolboxalias="" xmlns=""><arcToolboxHelpPath>c:\program files\arcgis\pro\Resources\Help\gp</arcToolboxHelpPath><parameters><param name="in_workspace" displayname="Input Workspace" type="Required" direction="Input" datatype="Workspace" expression="in_workspace"><dialogReference>&lt;DIV STYLE="text-align:Left;"&gt;&lt;DIV&gt;&lt;P&gt;&lt;SPAN&gt;Geodatabase or folder name where to create the feature class.&lt;/SPAN&gt;&lt;/P&gt;&lt;/DIV&gt;&lt;/DIV&gt;</dialogReference></param><param name="fc_name" displayname="Feature Class Name" type="Required" direction="Input" datatype="String" expression="fc_name"><dialogReference>&lt;DIV STYLE="text-align:Left;"&gt;&lt;DIV&gt;&lt;P&gt;&lt;SPAN&gt;Feature class name.&lt;/SPAN&gt;&lt;/P&gt;&lt;/DIV&gt;&lt;/DIV&gt;</dialogReference></param><param name="spatial_reference" displayname="Spatial Reference" type="Optional" direction="Input" datatype="Coordinate System" expression="{spatial_reference}"><dialogReference>&lt;DIV STYLE="text-align:Left;"&gt;&lt;DIV&gt;&lt;P&gt;&lt;SPAN&gt;Feature class spatial reference.&lt;/SPAN&gt;&lt;/P&gt;&lt;/DIV&gt;&lt;/DIV&gt;</dialogReference></param></parameters><summary>&lt;DIV STYLE="text-align:Left;"&gt;&lt;DIV&gt;&lt;DIV&gt;&lt;P&gt;&lt;SPAN&gt;Creates polygon new feature class to store cloud mask from Sentinel-2 tile metadata.&lt;/SPAN&gt;&lt;/P&gt;&lt;/DIV&gt;&lt;/DIV&gt;&lt;/DIV&gt;</summary><usage>&lt;DIV STYLE="text-align:Left;"&gt;&lt;DIV&gt;&lt;DIV&gt;&lt;P&gt;&lt;SPAN&gt;Use to create a new feature class to store cloud mask polygon features based on Sentinel-2 tile metadata.&lt;/SPAN&gt;&lt;/P&gt;&lt;P&gt;&lt;SPAN&gt;Tile name, tile timestamp and cloud type attributes are added to store related information.&lt;/SPAN&gt;&lt;/P&gt;&lt;/DIV&gt;&lt;/DIV&gt;&lt;/DIV&gt;</usage><scriptExamples><scriptExample><code>arcpy.ImportToolbox(r'D:\sentinel2-raster_types\Sentinel-2.pyt','')
arcpy.CreateCloudMask(r"C:\ArcGIS\Projects\Sentinel2\Sentinel2.gdb", "S2-20m-1b-CloudMask", "PROJCS['WGS_1984_UTM_Zone_34N',GEOGCS['GCS_WGS_1984',DATUM['D_WGS_1984',SPHEROID['WGS_1984',6378137.0,298.257223563]],PRIMEM['Greenwich',0.0],UNIT['Degree',0.0174532925199433]],PROJECTION['Transverse_Mercator'],PARAMETER['False_Easting',500000.0],PARAMETER['False_Northing',0.0],PARAMETER['Central_Meridian',21.0],PARAMETER['Scale_Factor',0.9996],PARAMETER['Latitude_Of_Origin',0.0],UNIT['Meter',1.0]]")</code></scriptExample></scriptExamples></tool><dataIdInfo><idCitation><resTitle>Create Cloud Mask Feature Class</resTitle></idCitation><searchKeys><keyword>Sentinel-2</keyword><keyword>Tile</keyword><keyword>Cloud Mask</keyword></searchKeys></dataIdInfo><distInfo><distributor><distorFormat><formatName>ArcToolbox Tool</formatName></distorFormat></distributor></distInfo><mdHrLv><ScopeCd value="005"/></mdHrLv><mdDateSt Sync="TRUE">20190206</mdDateSt></metadata>
