<?xml version="1.0"?>
<metadata xml:lang="en"><Esri><CreaDate>20190201</CreaDate><CreaTime>16245300</CreaTime><ArcGISFormat>1.0</ArcGISFormat><SyncOnce>TRUE</SyncOnce><ModDate>20190206</ModDate><ModTime>10320900</ModTime><scaleRange><minScale>150000000</minScale><maxScale>5000</maxScale></scaleRange></Esri><toolbox name="Sentinel-2" alias=""><arcToolboxHelpPath>c:\program files\arcgis\pro\Resources\Help\gp</arcToolboxHelpPath></toolbox><dataIdInfo><idCitation><resTitle>Sentinel-2</resTitle></idCitation><idPurp>Helps to load Sentinel-2 tiles available at Amazon S3 to mosaic dataset.
</idPurp><idAbs>&lt;DIV STYLE="text-align:Left;"&gt;&lt;DIV&gt;&lt;DIV&gt;&lt;P&gt;&lt;SPAN&gt;It is dependent on a custom Sentinel-2 raster type that needs to be installed in your ArcGIS Pro. (see &lt;/SPAN&gt;&lt;A href="https://github.com:443/ArcGEO/sentinel2-raster_types" STYLE="text-decoration:underline;"&gt;&lt;SPAN&gt;https://github.com/ArcGEO/sentinel2-raster_types&lt;/SPAN&gt;&lt;/A&gt;&lt;SPAN&gt;).&lt;/SPAN&gt;&lt;/P&gt;&lt;P&gt;&lt;SPAN /&gt;&lt;/P&gt;&lt;/DIV&gt;&lt;/DIV&gt;&lt;/DIV&gt;</idAbs><idCredit>ArcGEO Information Systems, spol. s r.o.</idCredit><searchKeys><keyword>Sentinel-2</keyword></searchKeys></dataIdInfo><distInfo><distributor><distorFormat><formatName>ArcToolbox Toolbox</formatName></distorFormat></distributor></distInfo><mdHrLv><ScopeCd value="005"></ScopeCd></mdHrLv><mdDateSt Sync="TRUE">20190206</mdDateSt></metadata>
